symbol,Security,SEC filings,GICS Sector,GICS Sub Industry,Location,Date first added[3][4],CIK,Founded
MMM,3M Company,reports,Industrials,Industrial Conglomerates,"St. Paul, Minnesota",,66740,1902
ABT,Abbott Laboratories,reports,Health Care,Health Care Equipment,"North Chicago, Illinois",31/03/64,1800,1888
ABBV,AbbVie Inc.,reports,Health Care,Pharmaceuticals,"North Chicago, Illinois",31/12/12,1551152,2013 (1888)
ABMD,ABIOMED Inc,reports,Health Care,Health Care Equipment,"Danvers, Massachusetts",31/05/18,815094,1981
ACN,Accenture plc,reports,Information Technology,IT Consulting & Other Services,"Dublin, Ireland",06/07/11,1467373,1989
ATVI,Activision Blizzard,reports,Communication Services,Interactive Home Entertainment,"Santa Monica, California",31/08/15,718877,2008
ADBE,Adobe Systems Inc,reports,Information Technology,Application Software,"San Jose, California",05/05/97,796343,1982
AMD,Advanced Micro Devices Inc,reports,Information Technology,Semiconductors,"Sunnyvale, California",20/03/17,2488,1969
AAP,Advance Auto Parts,reports,Consumer Discretionary,Automotive Retail,"Roanoke, Virginia",09/07/15,1158449,1932
AES,AES Corp,reports,Utilities,Independent Power Producers & Energy Traders,"Arlington, Virginia",02/10/98,874761,1981
AMG,Affiliated Managers Group Inc,reports,Financials,Asset Management & Custody Banks,"Beverly, Massachusetts",01/07/14,1004434,1993
AFL,AFLAC Inc,reports,Financials,Life & Health Insurance,"Columbus, Georgia",28/05/99,4977,1955
A,Agilent Technologies Inc,reports,Health Care,Health Care Equipment,"Santa Clara, California",05/06/00,1090872,1999
APD,Air Products & Chemicals Inc,reports,Materials,Industrial Gases,"Allentown, Pennsylvania",30/04/85,2969,1940
AKAM,Akamai Technologies Inc,reports,Information Technology,Internet Services & Infrastructure,"Cambridge, Massachusetts",12/07/07,1086222,1998
ALK,Alaska Air Group Inc,reports,Industrials,Airlines,"Seattle, Washington",13/05/16,766421,1985
ALB,Albemarle Corp,reports,Materials,Specialty Chemicals,"Baton Rouge, Louisiana",01/07/16,915913,1994
ARE,Alexandria Real Estate Equities Inc,reports,Real Estate,Office REITs,"Pasadena, California",20/03/17,1035443,1994
ALXN,Alexion Pharmaceuticals,reports,Health Care,Biotechnology,"Cheshire, Connecticut",25/05/12,899866,1992
ALGN,Align Technology,reports,Health Care,Health Care Supplies,"San Jose, California",19/06/17,1097149,1997
ALLE,Allegion,reports,Industrials,Building Products,"Dublin, Ireland",02/12/13,1579241,1908
AGN,"Allergan, Plc",reports,Health Care,Pharmaceuticals,"Dublin, Ireland",12/04/99,1578845,1983
ADS,Alliance Data Systems,reports,Information Technology,Data Processing & Outsourced Services,"Plano, Texas",23/12/13,1101215,1996
LNT,Alliant Energy Corp,reports,Utilities,Electric Utilities,"Madison, Wisconsin",01/07/16,352541,1917
ALL,Allstate Corp,reports,Financials,Property & Casualty Insurance,"Northfield Township, Illinois",13/07/95,899051,1931
GOOGL,Alphabet Inc Class A,reports,Communication Services,Interactive Media & Services,"Mountain View, California",03/04/14,1652044,1998
GOOG,Alphabet Inc Class C,reports,Communication Services,Interactive Media & Services,"Mountain View, California",03/04/06,1652044,1998
MO,Altria Group Inc,reports,Consumer Staples,Tobacco,"Richmond, Virginia",,764180,1985
AMZN,Amazon.com Inc.,reports,Consumer Discretionary,Internet & Direct Marketing Retail,"Seattle, Washington",18/11/05,1018724,1994
AEE,Ameren Corp,reports,Utilities,Multi-Utilities,"St. Louis, Missouri",19/09/91,1002910,1902
AAL,American Airlines Group,reports,Industrials,Airlines,"Fort Worth, Texas",23/03/15,6201,1934
AEP,American Electric Power,reports,Utilities,Electric Utilities,"Columbus, Ohio",,4904,1906
AXP,American Express Co,reports,Financials,Consumer Finance,"New York, New York",30/06/76,4962,1850
AIG,"American International Group, Inc.",reports,Financials,Property & Casualty Insurance,"New York, New York",31/03/80,5272,1919
AMT,American Tower Corp.,reports,Real Estate,Specialized REITs,"Boston, Massachusetts",19/11/07,1053507,1995
AWK,American Water Works Company Inc,reports,Utilities,Water Utilities,"Voorhees, New Jersey",04/03/16,1410636,1886
AMP,Ameriprise Financial,reports,Financials,Asset Management & Custody Banks,"Minneapolis, Minnesota",03/10/05,820027,1894
ABC,AmerisourceBergen Corp,reports,Health Care,Health Care Distributors,"Chesterbrook, Pennsylvania",30/08/01,1140859,1985
AME,AMETEK Inc.,reports,Industrials,Electrical Components & Equipment,"Berwyn, Pennsylvania",23/09/13,1037868,1930
AMGN,Amgen Inc.,reports,Health Care,Biotechnology,"Thousand Oaks, California",02/01/92,318154,1980
APH,Amphenol Corp,reports,Information Technology,Electronic Components,"Wallingford, Connecticut",30/09/08,820313,1932
APC,Anadarko Petroleum Corp,reports,Energy,Oil & Gas Exploration & Production,"The Woodlands, Texas",28/07/97,773910,1959
ADI,"Analog Devices, Inc.",reports,Information Technology,Semiconductors,"Norwood, Massachusetts",12/10/99,6281,1965
ANSS,ANSYS,reports,Information Technology,Application Software,"Canonsburg, Pennsylvania",19/06/17,1013462,1969
ANTM,Anthem Inc.,reports,Health Care,Managed Health Care,"Indianapolis, Indiana",25/07/02,1156039,2014 (1940s)
AON,Aon plc,reports,Financials,Insurance Brokers,"London, United Kingdom",23/04/96,315293,1982 (1919)
AOS,A.O. Smith Corp,reports,Industrials,Building Products,"Milwaukee, Wisconsin",26/07/17,91142,1916
APA,Apache Corporation,reports,Energy,Oil & Gas Exploration & Production,"Houston, Texas",28/07/97,6769,1954
AIV,Apartment Investment & Management(Aimco),reports,Real Estate,Residential REITs,"Denver, Colorado",14/03/03,922864,1994 (1975)
AAPL,Apple Inc.,reports,Information Technology,"Technology Hardware, Storage & Peripherals","Cupertino, California",30/11/82,320193,1977
AMAT,Applied Materials Inc.,reports,Information Technology,Semiconductor Equipment,"Santa Clara, California",16/03/95,6951,1967
APTV,Aptiv Plc,reports,Consumer Discretionary,Auto Parts & Equipment,"Gillingham, Kent, United Kingdom",24/12/12,1521332,1994
ADM,Archer-Daniels-Midland Co,reports,Consumer Staples,Agricultural Products,"Decatur, Illinois",29/07/81,7084,1902
ARNC,Arconic Inc.,reports,Industrials,Aerospace & Defense,"New York, New York",31/03/64,4281,2016
ANET,Arista Networks,reports,Information Technology,Communications Equipment,"Santa Clara, California",28/08/18,1596532,2004
AJG,Arthur J. Gallagher & Co.,reports,Financials,Insurance Brokers,"Itasca, Illinois",31/05/16,354190,
AIZ,Assurant Inc.,reports,Financials,Multi-line Insurance,"New York, New York",10/04/07,1267238,
T,AT&T Inc.,reports,Communication Services,Integrated Telecommunication Services,"Dallas, Texas",30/11/83,732717,1983
ADSK,Autodesk Inc.,reports,Information Technology,Application Software,"San Rafael, California",01/12/89,769397,
ADP,Automatic Data Processing,reports,Information Technology,Internet Software & Services,"Roseland, New Jersey",31/03/81,8670,
AZO,AutoZone Inc,reports,Consumer Discretionary,Specialty Stores,"Memphis, Tennessee",02/01/97,866787,
AVB,"AvalonBay Communities, Inc.",reports,Real Estate,Residential REITs,"Arlington, Virginia[5]",10/01/07,915912,
AVY,Avery Dennison Corp,reports,Materials,Paper Packaging,"Glendale, California",31/12/87,8818,
BHGE,"Baker Hughes, a GE Company",reports,Energy,Oil & Gas Equipment & Services,"Houston, Texas",,1701605,2017
BLL,Ball Corp,reports,Materials,Metal & Glass Containers,"Broomfield, Colorado",31/10/84,9389,
BAC,Bank of America Corp,reports,Financials,Diversified Banks,"Charlotte, North Carolina",30/06/76,70858,
BK,The Bank of New York Mellon Corp.,reports,Financials,Asset Management & Custody Banks,"New York, New York",31/03/95,1390777,
BAX,Baxter International Inc.,reports,Health Care,Health Care Equipment,"Deerfield, Illinois",30/09/72,10456,1931
BBT,BB&T Corporation,reports,Financials,Regional Banks,"Winston-Salem, North Carolina",04/12/97,92230,
BDX,Becton Dickinson,reports,Health Care,Health Care Equipment,"Franklin Lakes, New Jersey",30/09/72,10795,1897
BRK-B,Berkshire Hathaway,reports,Financials,Multi-Sector Holdings,"Omaha, Nebraska",16/02/10,1067983,
BBY,Best Buy Co. Inc.,reports,Consumer Discretionary,Computer & Electronics Retail,"Richfield, Minnesota",29/06/99,764478,
BIIB,Biogen Inc.,reports,Health Care,Biotechnology,"Weston, Massachusetts",13/11/03,875045,
BLK,BlackRock,reports,Financials,Asset Management & Custody Banks,"New York, New York",04/04/11,1364742,
HRB,Block H&R,reports,Consumer Discretionary,Specialized Consumer Services,"Kansas City, Missouri",30/11/86,12659,
BA,Boeing Company,reports,Industrials,Aerospace & Defense,"Chicago, Illinois",,12927,1916
BKNG,Booking Holdings Inc,reports,Consumer Discretionary,Internet & Direct Marketing Retail,"Norwalk, Connecticut",06/11/09,1075531,
BWA,BorgWarner,reports,Consumer Discretionary,Auto Parts & Equipment,"Auburn Hills, Michigan",19/12/11,908255,
BXP,Boston Properties,reports,Real Estate,Office REITs,"Boston, Massachusetts",03/04/06,1037540,
BSX,Boston Scientific,reports,Health Care,Health Care Equipment,"Marlborough, Massachusetts[6]",24/02/95,885725,
BHF,Brighthouse Financial Inc,reports,Financials,Life & Health Insurance,"Charlotte, North Carolina",08/08/17,1685040,
BMY,Bristol-Myers Squibb,reports,Health Care,Health Care Distributors,"New York, New York",,14272,1989
AVGO,Broadcom,reports,Information Technology,Semiconductors,"San Jose, California",08/05/14,1441634,
BR,Broadridge Financial Solutions,reports,Information Technology,Data Processing & Outsourced Services,"Lake Success, New York",18/06/18,1383312,1962
BF-B,Brown-Forman Corp.,reports,Consumer Staples,Distillers & Vintners,"Louisville, Kentucky",31/10/82,14693,
CHRW,C. H. Robinson Worldwide,reports,Industrials,Air Freight & Logistics,"Eden Prairie, Minnesota",02/03/07,1043277,
COG,Cabot Oil & Gas,reports,Energy,Oil & Gas Exploration & Production,"Houston, Texas",23/06/08,858470,
CDNS,Cadence Design Systems,reports,Information Technology,Application Software,"San Jose, California",18/09/17,813672,
CPB,Campbell Soup,reports,Consumer Staples,Packaged Foods & Meats,"Camden, New Jersey",,16732,1869
COF,Capital One Financial,reports,Financials,Consumer Finance,"Tysons Corner, Virginia",01/07/98,927628,1935
CAH,Cardinal Health Inc.,reports,Health Care,Health Care Distributors,"Dublin, Ohio",27/05/97,721371,
KMX,Carmax Inc,reports,Consumer Discretionary,Specialty Stores,"Richmond, Virginia",28/06/10,1170010,
CCL,Carnival Corp.,reports,Consumer Discretionary,"Hotels, Resorts & Cruise Lines","Miami, Florida",22/12/98,815097,
CAT,Caterpillar Inc.,reports,Industrials,Construction Machinery & Heavy Trucks,"Peoria, Illinois",,18230,1925
CBOE,Cboe Global Markets,reports,Financials,Financial Exchanges & Data,"Chicago, Illinois",01/03/17,1374310,
CBRE,CBRE Group,reports,Real Estate,Real Estate Services,"Los Angeles, California",10/11/06,1138118,
CBS,CBS Corp.,reports,Communication Services,Broadcasting,"New York, New York",01/09/94,813828,2006
CELG,Celgene Corp.,reports,Health Care,Biotechnology,"Summit, New Jersey",06/11/06,816284,
CNC,Centene Corporation,reports,Health Care,Managed Health Care,"St Louis, Missouri",30/03/16,1071739,
CNP,CenterPoint Energy,reports,Utilities,Multi-Utilities,"Houston, Texas",31/07/85,1130310,
CTL,CenturyLink Inc,reports,Communication Services,Integrated Telecommunication Services,"Monroe, Louisiana",25/03/99,18926,
CERN,Cerner,reports,Health Care,Health Care Technology,"North Kansas City, Missouri",30/04/10,804753,
CF,CF Industries Holdings Inc,reports,Materials,Fertilizers & Agricultural Chemicals,"Deerfield, Illinois",27/08/08,1324404,
SCHW,Charles Schwab Corporation,reports,Financials,Investment Banking & Brokerage,"San Francisco, California",02/06/97,316709,
CHTR,Charter Communications,reports,Communication Services,Cable & Satellite,"Stamford, Connecticut",08/09/16,1091667,
CVX,Chevron Corp.,reports,Energy,Integrated Oil & Gas,"San Ramon, California",,93410,1879
CMG,Chipotle Mexican Grill,reports,Consumer Discretionary,Restaurants,"Denver, Colorado",28/04/11,1058090,
CB,Chubb Limited,reports,Financials,Property & Casualty Insurance,"Zurich, Switzerland",15/07/10,896159,
CHD,Church & Dwight,reports,Consumer Staples,Household Products,"Ewing, New Jersey",29/12/15,313927,
CI,CIGNA Corp.,reports,Health Care,Managed Health Care,"Bloomfield, Connecticut",30/06/76,701221,
XEC,Cimarex Energy,reports,Energy,Oil & Gas Exploration & Production,"Denver, Colorado",21/06/14,1168054,
CINF,Cincinnati Financial,reports,Financials,Property & Casualty Insurance,"Fairfield, Ohio",18/12/97,20286,
CTAS,Cintas Corporation,reports,Industrials,Diversified Support Services,"Mason, Ohio",01/03/01,723254,
CSCO,Cisco Systems,reports,Information Technology,Communications Equipment,"San Jose, California",01/12/93,858877,
C,Citigroup Inc.,reports,Financials,Diversified Banks,"New York, New York",31/05/88,831001,
CFG,Citizens Financial Group,reports,Financials,Regional Banks,"Providence, Rhode Island",29/01/16,759944,
CTXS,Citrix Systems,reports,Information Technology,Internet Software & Services,"Fort Lauderdale, Florida",01/12/99,877890,
CLX,The Clorox Company,reports,Consumer Staples,Household Products,"Oakland, California",31/03/69,21076,1913
CME,CME Group Inc.,reports,Financials,Financial Exchanges & Data,"Chicago, Illinois",11/08/06,1156375,
CMS,CMS Energy,reports,Utilities,Multi-Utilities,"Jackson, Michigan",03/05/99,811156,
KO,Coca-Cola Company (The),reports,Consumer Staples,Soft Drinks,"Atlanta, Georgia",,21344,1886
CTSH,Cognizant Technology Solutions,reports,Information Technology,IT Consulting & Other Services,"Teaneck, New Jersey",17/11/06,1058290,
CL,Colgate-Palmolive,reports,Consumer Staples,Household Products,"New York, New York",,21665,1806
CMCSA,Comcast Corp.,reports,Communication Services,Cable & Satellite,"Philadelphia, Pennsylvania",18/09/15,1166691,
CMA,Comerica Inc.,reports,Financials,Diversified Banks,"Dallas, Texas",01/12/95,28412,
CAG,Conagra Brands,reports,Consumer Staples,Packaged Foods & Meats,"Chicago, Illinois",31/08/83,23217,
CXO,Concho Resources,reports,Energy,Oil & Gas Exploration & Production,"Midland, Texas",22/02/16,1358071,
COP,ConocoPhillips,reports,Energy,Oil & Gas Exploration & Production,"Houston, Texas",,1163165,2002
ED,Consolidated Edison,reports,Utilities,Electric Utilities,"New York, New York",,1047862,1823
STZ,Constellation Brands,reports,Consumer Staples,Distillers & Vintners,"Victor, New York",05/07/05,16918,
COO,The Cooper Companies,reports,Health Care,Health Care Supplies,"Pleasanton, California",23/09/16,711404,
CPRT,Copart Inc,reports,Industrials,Diversified Support Services,"Dallas, Texas",02/07/18,900075,
GLW,Corning Inc.,reports,Information Technology,Electronic Components,"Corning, New York",,24741,1851
COST,Costco Wholesale Corp.,reports,Consumer Staples,Hypermarkets & Super Centers,"Issaquah, Washington",01/10/93,909832,
COTY,"Coty, Inc",reports,Consumer Staples,Personal Products,"New York, New York",03/10/16,1024305,
CCI,Crown Castle International Corp.,reports,Real Estate,Specialized REITs,"Houston, Texas",14/03/12,1051470,
CSX,CSX Corp.,reports,Industrials,Railroads,"Jacksonville, Florida",30/09/67,277948,1980
CMI,Cummins Inc.,reports,Industrials,Industrial Machinery,"Columbus, Indiana",31/03/65,26172,1919
CVS,CVS Health,reports,Health Care,Health Care Services,"Woonsocket, Rhode Island",,64803,1996
DHI,D. R. Horton,reports,Consumer Discretionary,Homebuilding,"Fort Worth, Texas",,882184,1978
DHR,Danaher Corp.,reports,Health Care,Health Care Equipment,"Washington, D.C.",,313616,1969
DRI,Darden Restaurants,reports,Consumer Discretionary,Restaurants,"Orlando, Florida",,940944,1938
DVA,DaVita Inc.,reports,Health Care,Health Care Facilities,"Denver, Colorado",31/07/08,927066,
DE,Deere & Co.,reports,Industrials,Agricultural & Farm Machinery,"Moline, Illinois",,315189,1837
DAL,Delta Air Lines Inc.,reports,Industrials,Airlines,"Atlanta, Georgia",11/09/13,27904,
XRAY,Dentsply Sirona,reports,Health Care,Health Care Supplies,"York, Pennsylvania",14/11/08,818479,
DVN,Devon Energy Corp.,reports,Energy,Oil & Gas Exploration & Production,"Oklahoma City, Oklahoma",30/08/00,1090012,
FANG,Diamondback Energy Inc,reports,Energy,Oil & Gas Exploration & Production,"Midland, Texas",03/12/18,1539838,2007
DLR,Digital Realty Trust Inc,reports,Real Estate,Specialized REITs,"San Francisco, California",18/05/16,1297996,
DFS,Discover Financial Services,reports,Financials,Consumer Finance,"Riverwoods, Illinois",02/07/07,1393612,
DISCA,Discovery Inc. Class A,reports,Communication Services,Broadcasting,"Silver Spring, Maryland",01/03/10,1437107,
DISCK,Discovery Inc. Class C,reports,Communication Services,Broadcasting,"Silver Spring, Maryland",07/08/14,1437107,
DISH,Dish Network,reports,Communication Services,Cable & Satellite,"Meridian, Colorado",13/03/17,1001082,
DG,Dollar General,reports,Consumer Discretionary,General Merchandise Stores,"Goodlettsville, Tennessee",03/12/12,29534,
DLTR,Dollar Tree,reports,Consumer Discretionary,General Merchandise Stores,"Chesapeake, Virginia",19/12/11,935703,
D,Dominion Energy,reports,Utilities,Electric Utilities,"Richmond, Virginia",,715957,1983
DOV,Dover Corp.,reports,Industrials,Industrial Machinery,"Downers Grove, Illinois",31/10/85,29905,
DWDP,DowDuPont,reports,Materials,Diversified Chemicals,"Midland, Michigan",,1666700,2017
DTE,DTE Energy Co.,reports,Utilities,Multi-Utilities,"Detroit, Michigan",,936340,1995
DRE,Duke Realty Corp,reports,Real Estate,Industrial REITs,"Indianapolis, Indiana",26/07/17,783280,
DUK,Duke Energy,reports,Utilities,Electric Utilities,"Charlotte, North Carolina",30/06/76,1326160,
DXC,DXC Technology,reports,Information Technology,IT Consulting & Other Services,"Tysons Corner, Virginia",04/04/17,1688568,
ETFC,E*Trade,reports,Financials,Investment Banking & Brokerage,"New York, New York",31/03/04,1015780,
EMN,Eastman Chemical,reports,Materials,Diversified Chemicals,"Kingsport, Tennessee",01/01/94,915389,
ETN,Eaton Corporation,reports,Industrials,Electrical Components & Equipment,"Dublin, Ireland",,1551182,1911
EBAY,eBay Inc.,reports,Consumer Discretionary,Internet & Direct Marketing Retail,"San Jose, California",,1065088,1995
ECL,Ecolab Inc.,reports,Materials,Specialty Chemicals,"St. Paul, Minnesota",31/01/89,31462,
EIX,Edison Int'l,reports,Utilities,Electric Utilities,"Rosemead, California",,827052,1886
EW,Edwards Lifesciences,reports,Health Care,Health Care Equipment,"Irvine, California",01/04/11,1099800,
EA,Electronic Arts,reports,Communication Services,Interactive Home Entertainment,"Redwood City, California",22/07/02,712515,
EMR,Emerson Electric Company,reports,Industrials,Electrical Components & Equipment,"Ferguson, Missouri",31/03/65,32604,1890
ETR,Entergy Corp.,reports,Utilities,Electric Utilities,"New Orleans, Louisiana",,65984,1913
EOG,EOG Resources,reports,Energy,Oil & Gas Exploration & Production,"Houston, Texas",02/11/00,821189,
EFX,Equifax Inc.,reports,Industrials,Research & Consulting Services,"Atlanta, Georgia",19/06/97,33185,
EQIX,Equinix,reports,Real Estate,Specialized REITs,"Redwood City, California",20/03/15,1101239,
EQR,Equity Residential,reports,Real Estate,Residential REITs,"Chicago, Illinois",03/12/01,906107,
ESS,"Essex Property Trust, Inc.",reports,Real Estate,Residential REITs,"Palo Alto, California",02/04/14,920522,
EL,Estee Lauder Cos.,reports,Consumer Staples,Personal Products,"New York, New York",05/01/06,1001250,
EVRG,Evergy,reports,Utilities,Electric Utilities,"Kansas City, Missouri",05/06/18,1711269,1909
ES,Eversource Energy,reports,Utilities,Multi-Utilities,"Springfield, Massachusetts",,72741,1966
RE,Everest Re Group Ltd.,reports,Financials,Reinsurance,"Hamilton, Bermuda",19/06/17,1095073,
EXC,Exelon Corp.,reports,Utilities,Multi-Utilities,"Chicago, Illinois",,1109357,2000
EXPE,Expedia Group,reports,Consumer Discretionary,Internet & Direct Marketing Retail,"Bellevue, Washington",02/10/07,1324424,
EXPD,Expeditors,reports,Industrials,Air Freight & Logistics,"Seattle, Washington",10/10/07,746515,
ESRX,Express Scripts,reports,Health Care,Health Care Distributors,"Cool Valley, Missouri",25/09/03,1532063,
EXR,Extra Space Storage,reports,Real Estate,Specialized REITs,"Salt Lake City, Utah",19/01/16,1289490,
XOM,Exxon Mobil Corp.,reports,Energy,Integrated Oil & Gas,"Irving, Texas",,34088,1999
FFIV,F5 Networks,reports,Information Technology,Communications Equipment,"Seattle, Washington",20/12/10,1048695,1996
FB,"Facebook, Inc.",reports,Communication Services,Interactive Media & Services,"Menlo Park, California",23/12/13,1326801,
FAST,Fastenal Co,reports,Industrials,Building Products,"Winona, Minnesota",15/09/09,815556,
FRT,Federal Realty Investment Trust,reports,Real Estate,Retail REITs,"Rockville, Maryland",01/02/16,34903,
FDX,FedEx Corporation,reports,Industrials,Air Freight & Logistics,"Memphis, Tennessee",31/12/80,1048911,
FIS,Fidelity National Information Services,reports,Information Technology,Internet Software & Services,"Jacksonville, Florida",10/11/06,1136893,
FITB,Fifth Third Bancorp,reports,Financials,Regional Banks,"Cincinnati, Ohio",,35527,1858
FE,FirstEnergy Corp,reports,Utilities,Electric Utilities,"Akron, Ohio",,1031296,1997
FISV,Fiserv Inc,reports,Information Technology,Internet Software & Services,"Brookfield, Wisconsin",02/04/01,798354,
FLT,FleetCor Technologies Inc,reports,Information Technology,Data Processing & Outsources Services,"Norcross, Georgia",20/06/18,1175454,2000
FLIR,FLIR Systems,reports,Information Technology,Electronic Equipment & Instruments,"Wilsonville, Oregon",02/01/09,354908,
FLS,Flowserve Corporation,reports,Industrials,Industrial Machinery,"Irving, Texas",02/10/08,30625,
FLR,Fluor Corp.,reports,Industrials,Construction & Engineering,"Irving, Texas",31/03/80,1124198,
FMC,FMC Corporation,reports,Materials,Fertilizers & Agricultural Chemicals,"Philadelphia, Pennsylvania",19/08/09,37785,
FL,Foot Locker Inc,reports,Consumer Discretionary,Apparel Retail,"New York, New York",04/04/16,850209,
F,Ford Motor,reports,Consumer Discretionary,Automobile Manufacturers,"Dearborn, Michigan",,37996,1903
FTNT,Fortinet,reports,Information Technology,Systems Software,"Sunnyvale, California",11/10/18,1262039,2000
FTV,Fortive Corp,reports,Industrials,Industrial Machinery,"Everett, Washington",01/07/16,1659166,
FBHS,Fortune Brands Home & Security,reports,Industrials,Building Products,"Deerfield, Illinois",22/06/16,1519751,
BEN,Franklin Resources,reports,Financials,Asset Management & Custody Banks,"San Mateo, California",,38777,1947
FCX,Freeport-McMoRan Inc.,reports,Materials,Copper,"Phoenix, Arizona",,831259,1912
GPS,Gap Inc.,reports,Consumer Discretionary,Apparel Retail,"San Francisco, California",31/08/86,39911,
GRMN,Garmin Ltd.,reports,Consumer Discretionary,Consumer Electronics,"Schaffhausen, Switzerland",12/12/12,1121788,
IT,Gartner Inc,reports,Information Technology,IT Consulting & Other Services,"Stamford, Connecticut",05/04/17,749251,
GD,General Dynamics,reports,Industrials,Aerospace & Defense,"Falls Church, Virginia",,40533,1899
GE,General Electric,reports,Industrials,Industrial Conglomerates,"Boston, Massachusetts",,40545,1892
GIS,General Mills,reports,Consumer Staples,Packaged Foods & Meats,"Golden Valley, Minnesota",31/03/69,40704,1856
GM,General Motors,reports,Consumer Discretionary,Automobile Manufacturers,"Detroit, Michigan",06/06/13,1467858,
GPC,Genuine Parts,reports,Consumer Discretionary,Specialty Stores,"Atlanta, Georgia",31/12/73,40987,1925
GILD,Gilead Sciences,reports,Health Care,Biotechnology,"Foster City, California",01/07/04,882095,
GPN,Global Payments Inc.,reports,Information Technology,Data Processing & Outsourced Services,"Atlanta, Georgia",25/04/16,1123360,
GS,Goldman Sachs Group,reports,Financials,Investment Banking & Brokerage,"New York, New York",22/07/02,886982,
GT,Goodyear Tire & Rubber,reports,Consumer Discretionary,Tires & Rubber,"Akron, Ohio",,42582,1898
GWW,Grainger (W.W.) Inc.,reports,Industrials,Industrial Machinery,"Lake Forest, Illinois",30/06/81,277135,
HAL,Halliburton Co.,reports,Energy,Oil & Gas Equipment & Services,"Houston, Texas",,45012,1919
HBI,Hanesbrands Inc,reports,Consumer Discretionary,"Apparel, Accessories & Luxury Goods","Winston-Salem, North Carolina",20/03/15,1359841,
HOG,Harley-Davidson,reports,Consumer Discretionary,Motorcycle Manufacturers,"Milwaukee, Wisconsin",,793952,1903
HRS,Harris Corporation,reports,Industrials,Aerospace & Defense,"Melbourne, Florida",22/09/08,202058,
HIG,Hartford Financial Svc.Gp.,reports,Financials,Property & Casualty Insurance,"Hartford, Connecticut",,874766,
HAS,Hasbro Inc.,reports,Consumer Discretionary,Leisure Products,"Pawtucket, Rhode Island",30/09/84,46080,
HCA,HCA Holdings,reports,Health Care,Health Care Facilities,"Nashville, Tennessee",27/01/15,860730,
HCP,HCP Inc.,reports,Real Estate,Health Care REITs,"Long Beach, California",31/03/08,765880,
HP,Helmerich & Payne,reports,Energy,Oil & Gas Drilling,"Tulsa, Oklahoma[7]",01/03/10,46765,
HSIC,Henry Schein,reports,Health Care,Health Care Distributors,"Melville, New York",17/03/15,1000228,
HSY,The Hershey Company,reports,Consumer Staples,Packaged Foods & Meats,"Hershey, Pennsylvania",,47111,1894
HES,Hess Corporation,reports,Energy,Integrated Oil & Gas,"New York, New York",31/05/84,4447,
HPE,Hewlett Packard Enterprise,reports,Information Technology,"Technology Hardware, Storage & Peripherals","Palo Alto, California",02/11/15,1645590,
HLT,Hilton Worldwide Holdings Inc,reports,Consumer Discretionary,"Hotels, Resorts & Cruise Lines","Tysons Corner, Virginia",19/06/17,1585689,
HFC,HollyFrontier Corp,reports,Energy,Oil & Gas Refining & Marketing,"Dallas, Texas",18/06/18,48039,1947
HOLX,Hologic,reports,Health Care,Health Care Equipment,"Marlborough, Massachusetts",30/03/16,859737,
HD,Home Depot,reports,Consumer Discretionary,Home Improvement Retail,"Atlanta, Georgia",31/03/88,354950,
HON,Honeywell Int'l Inc.,reports,Industrials,Industrial Conglomerates,"Morristown, New Jersey",31/03/64,773840,1906
HRL,Hormel Foods Corp.,reports,Consumer Staples,Packaged Foods & Meats,"Austin, Minnesota",04/03/09,48465,
HST,Host Hotels & Resorts,reports,Real Estate,Hotel & Resort REITs,"Bethesda, Maryland",20/03/07,1070750,
HPQ,HP Inc.,reports,Information Technology,"Technology Hardware, Storage & Peripherals","Palo Alto, California",31/12/74,47217,1939 (2015)
HUM,Humana Inc.,reports,Health Care,Managed Health Care,"Louisville, Kentucky",,49071,1961
HBAN,Huntington Bancshares,reports,Financials,Regional Banks,"Columbus, Ohio",,49196,1866
HII,Huntington Ingalls Industries,reports,Industrials,Aerospace & Defense,"Newport News, Virginia",03/01/18,1501585,
IDXX,IDEXX Laboratories,reports,Health Care,Health Care Equipment,"Westbrook, Maine",05/01/17,874716,
INFO,IHS Markit Ltd.,reports,Industrials,Research & Consulting Services,"London, United Kingdom",02/06/17,1598014,
ITW,Illinois Tool Works,reports,Industrials,Industrial Machinery,"Glenview, Illinois",28/02/86,49826,
ILMN,Illumina Inc,reports,Health Care,Life Sciences Tools & Services,"San Diego, California",19/11/15,1110803,
IR,Ingersoll-Rand PLC,reports,Industrials,Industrial Machinery,"Dublin, Ireland",17/11/10,1466258,
INTC,Intel Corp.,reports,Information Technology,Semiconductors,"Santa Clara, California",31/12/76,50863,
ICE,Intercontinental Exchange,reports,Financials,Financial Exchanges & Data,"Atlanta, Georgia",26/09/07,1571949,
IBM,International Business Machines,reports,Information Technology,IT Consulting & Other Services,"Armonk, New York",,51143,1911
INCY,Incyte,reports,Health Care,Biotechnology,"Wilmington, Delaware",28/02/17,879169,
IP,International Paper,reports,Materials,Paper Packaging,"Memphis, Tennessee",,51434,1898
IPG,Interpublic Group,reports,Communication Services,Advertising,"New York, New York",01/10/92,51644,
IFF,Intl Flavors & Fragrances,reports,Materials,Specialty Chemicals,"New York, New York",31/03/76,51253,
INTU,Intuit Inc.,reports,Information Technology,Internet Software & Services,"Mountain View, California",05/12/00,896878,
ISRG,Intuitive Surgical Inc.,reports,Health Care,Health Care Equipment,"Sunnyvale, California",02/06/08,1035267,
IVZ,Invesco Ltd.,reports,Financials,Asset Management & Custody Banks,"Atlanta, Georgia",21/08/08,914208,
IPGP,IPG Photonics Corp.,reports,Information Technology,Electronic Manufacturing Services,"Oxford, Massachusetts",07/03/18,1111928,
IQV,IQVIA Holdings Inc.,reports,Health Care,Life Sciences Tools & Service,"Durham, North Carolina",29/08/17,1478242,
IRM,Iron Mountain Incorporated,reports,Real Estate,Specialized REITs,"Boston, Massachusetts",06/01/09,1020569,
JKHY,Jack Henry & Associates Inc,reports,Information Technology,Data Processing & Outsourced Services,"Monett, Missouri",13/11/18,1262439,
JEC,Jacobs Engineering Group,reports,Industrials,Construction & Engineering,"Pasadena, California",26/10/07,52988,
JBHT,J. B. Hunt Transport Services,reports,Industrials,Trucking,"Lowell, Arkansas",01/07/15,728535,
JEF,Jefferies Financial Group,reports,Financials,Multi-Sector Holdings,"New York, New York",27/08/07,96223,
SJM,JM Smucker,reports,Consumer Staples,Packaged Foods & Meats,"Orrville, Ohio",06/11/08,91419,
JNJ,Johnson & Johnson,reports,Health Care,Health Care Equipment,"New Brunswick, New Jersey",30/06/73,200406,1886
JCI,Johnson Controls International,reports,Industrials,Building Products,"Cork, Ireland",27/08/10,833444,
JPM,JPMorgan Chase & Co.,reports,Financials,Diversified Banks,"New York, New York",30/06/75,19617,
JNPR,Juniper Networks,reports,Information Technology,Communications Equipment,"Sunnyvale, California",,1043604,1996
KSU,Kansas City Southern,reports,Industrials,Railroads,"Kansas City, Missouri",24/05/13,54480,
K,Kellogg Co.,reports,Consumer Staples,Packaged Foods & Meats,"Battle Creek, Michigan",,55067,1906
KEY,KeyCorp,reports,Financials,Regional Banks,"Cleveland, Ohio",01/03/94,91576,
KEYS,Keysight Technologies,reports,Information Technology,Electronic Equipment & Instruments,"Santa Rosa, California",06/11/18,1601046,2014
KMB,Kimberly-Clark,reports,Consumer Staples,Household Products,"Irving, Texas",,55785,1872
KIM,Kimco Realty,reports,Real Estate,Retail REITs,"New Hyde Park, New York",04/04/06,879101,
KMI,Kinder Morgan,reports,Energy,Oil & Gas Storage & Transportation,"Houston, Texas",25/05/12,1506307,
KLAC,KLA-Tencor Corp.,reports,Information Technology,Semiconductor Equipment,"Milpitas, California",,319201,1975/1977 (1997)
KSS,Kohl's Corp.,reports,Consumer Discretionary,General Merchandise Stores,"Menomonee Falls, Wisconsin",,885639,1962
KHC,Kraft Heinz Co,reports,Consumer Staples,Packaged Foods & Meats,"Pittsburgh, Pennsylvania",06/07/15,1637459,
KR,Kroger Co.,reports,Consumer Staples,Food Retail,"Cincinnati, Ohio",,56873,1883
LB,L Brands Inc.,reports,Consumer Discretionary,Apparel Retail,"Columbus, Ohio",30/09/83,701985,
LLL,L-3 Communications Holdings,reports,Industrials,Aerospace & Defense,"New York, New York",,1056239,1997
LH,Laboratory Corp. of America Holding,reports,Health Care,Health Care Services,"Burlington, North Carolina",01/11/04,920148,
LRCX,Lam Research,reports,Information Technology,Semiconductor Equipment,"Fremont, California",29/06/12,707549,
LW,Lamb Weston Holdings Inc,reports,Consumer Staples,Packaged Foods & Meats,"Eagle, Idaho",03/12/18,1679273,
LEG,Leggett & Platt,reports,Consumer Discretionary,Home Furnishings,"Carthage, Missouri",,58492,1883
LEN,Lennar Corp.,reports,Consumer Discretionary,Homebuilding,"Miami, Florida",04/10/05,920760,
LLY,Lilly (Eli) & Co.,reports,Health Care,Pharmaceuticals,"Indianapolis, Indiana",31/12/70,59478,1876
LNC,Lincoln National,reports,Financials,Multi-line Insurance,"Radnor, Pennsylvania",30/06/76,59558,
LIN,Linde plc,reports,Materials,Industrial Gases,"Guildford, Surrey, United Kingdom",01/07/92,1707925,
LKQ,LKQ Corporation,reports,Consumer Discretionary,Distributors,"Chicago, Illinois",23/05/16,1065696,
LMT,Lockheed Martin Corp.,reports,Industrials,Aerospace & Defense,"Bethesda, Maryland",31/07/84,936468,
L,Loews Corp.,reports,Financials,Multi-line Insurance,"New York, New York",,60086,
LOW,Lowe's Cos.,reports,Consumer Discretionary,Home Improvement Retail,"Mooresville, North Carolina",29/02/84,60667,1904/1946/1959
LYB,LyondellBasell,reports,Materials,Specialty Chemicals,"Rotterdam, Netherlands",05/09/12,1489393,
MTB,M&T Bank Corp.,reports,Financials,Regional Banks,"Buffalo, New York",,36270,1856
MAC,Macerich,reports,Real Estate,Retail REITs,"Santa Monica, California",09/05/13,912242,
M,Macy's Inc.,reports,Consumer Discretionary,Department Stores,"Cincinnati, Ohio",,794367,1929
MRO,Marathon Oil Corp.,reports,Energy,Oil & Gas Exploration & Production,"Houston, Texas",01/05/91,101778,
MPC,Marathon Petroleum,reports,Energy,Oil & Gas Refining & Marketing,"Findlay, Ohio",01/07/11,1510295,
MAR,Marriott Int'l.,reports,Consumer Discretionary,"Hotels, Resorts & Cruise Lines","Bethesda, Maryland",,1048286,1927
MMC,Marsh & McLennan,reports,Financials,Insurance Brokers,"New York, New York",31/08/87,62709,
MLM,Martin Marietta Materials,reports,Materials,Construction Materials,"Raleigh, North Carolina",02/07/14,916076,
MAS,Masco Corp.,reports,Industrials,Building Products,"Taylor, Michigan",30/06/81,62996,
MA,Mastercard Inc.,reports,Information Technology,Internet Software & Services,"Harrison, New York",18/07/08,1141391,
MAT,Mattel Inc.,reports,Consumer Discretionary,Leisure Products,"El Segundo, California",31/03/82,63276,
MKC,McCormick & Co.,reports,Consumer Staples,Packaged Foods & Meats,"Sparks, Maryland",,63754,1889
MXIM,Maxim Integrated Products Inc,reports,Information Technology,Semiconductors,"San Jose, California",03/12/18,743316,1983
MCD,McDonald's Corp.,reports,Consumer Discretionary,Restaurants,"Chicago, Illinois",30/06/70,63908,1940
MCK,McKesson Corp.,reports,Health Care,Health Care Distributors,"San Francisco, California",,927653,1833
MDT,Medtronic plc,reports,Health Care,Health Care Equipment,"Dublin, Ireland",31/10/86,64670,
MRK,Merck & Co.,reports,Health Care,Pharmaceuticals,"Whitehouse Station, New Jersey",,310158,1891
MET,MetLife Inc.,reports,Financials,Life & Health Insurance,"New York, New York",,1099219,1868
MTD,Mettler Toledo,reports,Health Care,Life Sciences Tools & Services,"Columbus, Ohio",06/09/16,1037646,
MGM,MGM Resorts International,reports,Consumer Discretionary,Casinos & Gaming,"Paradise, Nevada",26/07/17,789570,
KORS,Michael Kors Holdings,reports,Consumer Discretionary,"Apparel, Accessories & Luxury Goods","New York, New York",13/11/13,1530721,
MCHP,Microchip Technology,reports,Information Technology,Semiconductors,"Chandler, Arizona",07/09/07,827054,
MU,Micron Technology,reports,Information Technology,Semiconductors,"Boise, Idaho",27/09/94,723125,
MSFT,Microsoft Corp.,reports,Information Technology,Systems Software,"Redmond, Washington",01/06/94,789019,
MAA,Mid-America Apartments,reports,Real Estate,Residential REITs,"Memphis, Tennessee",02/12/16,912595,
MHK,Mohawk Industries,reports,Consumer Discretionary,Home Furnishings,"Amsterdam, New York",23/12/13,851968,
TAP,Molson Coors Brewing Company,reports,Consumer Staples,Brewers,"Denver, Colorado",30/06/76,24545,
MDLZ,Mondelez International,reports,Consumer Staples,Packaged Foods & Meats,"Northfield, Illinois",02/10/12,1103982,
MNST,Monster Beverage,reports,Consumer Staples,Soft Drinks,"Corona, California",28/06/12,865752,
MCO,Moody's Corp,reports,Financials,Financial Exchanges & Data,"New York, New York",,1059556,1909
MS,Morgan Stanley,reports,Financials,Investment Banking & Brokerage,"New York, New York",,895421,1935
MOS,The Mosaic Company,reports,Materials,Fertilizers & Agricultural Chemicals,"Plymouth, Minnesota",26/09/11,1285785,
MSI,Motorola Solutions Inc.,reports,Information Technology,Communications Equipment,"Schaumburg, Illinois",,68505,1928 (2011)
MSCI,MSCI Inc,reports,Financials,Financial Exchanges & Data,"New York, New York",04/04/18,1408198,
MYL,Mylan N.V.,reports,Health Care,Pharmaceuticals,"Amsterdam, Netherlands",23/04/04,69499,
NDAQ,"Nasdaq, Inc.",reports,Financials,Financial Exchanges & Data,"New York, New York",22/10/08,1120193,
NOV,National Oilwell Varco Inc.,reports,Energy,Oil & Gas Equipment & Services,"Houston, Texas",14/03/05,1021860,
NKTR,Nektar Therapeutics,reports,Health Care,Pharmaceuticals,"San Francisco, California",19/03/18,906709,
NTAP,NetApp,reports,Information Technology,Internet Software & Services,"Sunnyvale, California",25/06/99,1002047,
NFLX,Netflix Inc.,reports,Communication Services,Movies & Entertainment,"Los Gatos, California",20/12/10,1065280,1997
NWL,Newell Brands,reports,Consumer Discretionary,Housewares & Specialties,"Sandy Springs, Georgia",30/04/89,814453,
NFX,Newfield Exploration Co,reports,Energy,Oil & Gas Exploration & Production,"Houston, Texas",20/12/10,912750,
NEM,Newmont Mining Corporation,reports,Materials,Gold,"Denver, Colorado",30/06/69,1164727,1921
NWSA,News Corp. Class A,reports,Communication Services,Publishing,"New York, New York",01/08/13,1564708,
NWS,News Corp. Class B,reports,Communication Services,Publishing,"New York, New York",18/09/15,1564708,
NEE,NextEra Energy,reports,Utilities,Multi-Utilities,"Juno Beach, Florida",30/06/76,753308,
NLSN,Nielsen Holdings,reports,Industrials,Research & Consulting Services,"New York, New York",09/07/13,1492633,
NKE,Nike,reports,Consumer Discretionary,"Apparel, Accessories & Luxury Goods","Washington County, Oregon",30/11/88,320187,
NI,NiSource Inc.,reports,Utilities,Multi-Utilities,"Merrillville, Indiana",,1111711,1912
NBL,Noble Energy Inc,reports,Energy,Oil & Gas Exploration & Production,"Houston, Texas",08/10/07,72207,
JWN,Nordstrom,reports,Consumer Discretionary,Department Stores,"Seattle, Washington",31/08/86,72333,
NSC,Norfolk Southern Corp.,reports,Industrials,Railroads,"Norfolk, Virginia",,702165,1881/1894 (1980)
NTRS,Northern Trust Corp.,reports,Financials,Asset Management & Custody Banks,"Chicago, Illinois",,73124,1889
NOC,Northrop Grumman Corp.,reports,Industrials,Aerospace & Defense,"West Falls Church, Virginia",30/06/85,1133421,
NCLH,Norwegian Cruise Line,reports,Consumer Discretionary,"Hotels, Resorts & Cruise Lines","Miami, Florida",13/10/17,1513761,
NRG,NRG Energy,reports,Utilities,Independent Power Producers & Energy Traders,"Princeton, New Jersey",29/01/10,1013871,
NUE,Nucor Corp.,reports,Materials,Steel,"Charlotte, North Carolina",30/04/85,73309,
NVDA,Nvidia Corporation,reports,Information Technology,Semiconductors,"Santa Clara, California",30/11/01,1045810,
ORLY,O'Reilly Automotive,reports,Consumer Discretionary,Specialty Stores,"Springfield, Missouri",27/03/09,898173,
OXY,Occidental Petroleum,reports,Energy,Oil & Gas Exploration & Production,"Los Angeles, California",31/12/82,797468,
OMC,Omnicom Group,reports,Communication Services,Advertising,"New York, New York",,29989,1986
OKE,ONEOK,reports,Energy,Oil & Gas Storage & Transportation,"Tulsa, Oklahoma",15/03/10,1039684,
ORCL,Oracle Corp.,reports,Information Technology,Application Software,"Redwood Shores, California",31/08/89,1341439,
PCAR,PACCAR Inc.,reports,Industrials,Construction Machinery & Heavy Trucks,"Bellevue, Washington",31/12/80,75362,
PKG,Packaging Corporation of America,reports,Materials,Paper Packaging,"Lake Forest, Illinois",26/07/17,75677,
PH,Parker-Hannifin,reports,Industrials,Industrial Machinery,"Cleveland, Ohio",30/11/85,76334,
PAYX,Paychex Inc.,reports,Information Technology,Internet Software & Services,"Penfield, New York",,723531,1971
PYPL,PayPal,reports,Information Technology,Data Processing & Outsourced Services,"San Jose, California",20/07/15,1633917,
PNR,Pentair plc,reports,Industrials,Industrial Machinery,"Worsley, UK",01/10/12,77360,
PBCT,People's United Financial,reports,Financials,Thrifts & Mortgage Finance,"Bridgeport, Connecticut",13/11/08,1378946,
PEP,PepsiCo Inc.,reports,Consumer Staples,Soft Drinks,"Purchase, New York",,77476,1898
PKI,PerkinElmer,reports,Health Care,Health Care Equipment,"Waltham, Massachusetts",31/05/85,31791,
PRGO,Perrigo,reports,Health Care,Pharmaceuticals,"Dublin, Ireland",19/12/11,1585364,
PFE,Pfizer Inc.,reports,Health Care,Pharmaceuticals,"New York, New York",,78003,1849
PCG,PG&E Corp.,reports,Utilities,Multi-Utilities,"San Francisco, California",,1004980,1905
PM,Philip Morris International,reports,Consumer Staples,Tobacco,"New York, New York",31/03/08,1413329,
PSX,Phillips 66,reports,Energy,Oil & Gas Refining & Marketing,"Houston, Texas",01/05/12,1534701,
PNW,Pinnacle West Capital,reports,Utilities,Multi-Utilities,"Phoenix, Arizona",,764622,1985
PXD,Pioneer Natural Resources,reports,Energy,Oil & Gas Exploration & Production,"Irving, Texas",24/09/08,1038357,
PNC,PNC Financial Services,reports,Financials,Regional Banks,"Pittsburgh, Pennsylvania",30/04/88,713676,
RL,Polo Ralph Lauren Corp.,reports,Consumer Discretionary,"Apparel, Accessories & Luxury Goods","New York, New York",02/02/07,1037038,
PPG,PPG Industries,reports,Materials,Specialty Chemicals,"Pittsburgh, Pennsylvania",,79879,1883
PPL,PPL Corp.,reports,Utilities,Electric Utilities,"Allentown, Pennsylvania",,922224,
PFG,Principal Financial Group,reports,Financials,Life & Health Insurance,"Des Moines, Iowa",22/07/02,1126328,
PG,Procter & Gamble,reports,Consumer Staples,Personal Products,"Cincinnati, Ohio",,80424,1837
PGR,Progressive Corp.,reports,Financials,Property & Casualty Insurance,"Mayfield Village, Ohio",04/08/97,80661,
PLD,Prologis,reports,Real Estate,Industrial REITs,"San Francisco, California",17/07/03,1045609,
PRU,Prudential Financial,reports,Financials,Life & Health Insurance,"Newark, New Jersey",22/07/02,1137774,
PEG,Public Serv. Enterprise Inc.,reports,Utilities,Electric Utilities,"Newark, New Jersey",,788784,
PSA,Public Storage,reports,Real Estate,Specialized REITs,"Glendale, California",19/08/05,1393311,
PHM,Pulte Homes Inc.,reports,Consumer Discretionary,Homebuilding,"Atlanta, Georgia",30/04/84,822416,
PVH,PVH Corp.,reports,Consumer Discretionary,"Apparel, Accessories & Luxury Goods","New York, New York",15/02/13,78239,
QRVO,Qorvo,reports,Information Technology,Semiconductors,"Greensboro, North Carolina",11/06/15,1604778,
PWR,Quanta Services Inc.,reports,Industrials,Construction & Engineering,"Houston, Texas",01/07/09,1050915,
QCOM,QUALCOMM Inc.,reports,Information Technology,Semiconductors,"San Diego, California",,804328,1985
DGX,Quest Diagnostics,reports,Health Care,Health Care Services,"Madison, New Jersey",12/12/02,1022079,
RJF,Raymond James Financial Inc.,reports,Financials,Investment Banking & Brokerage,"St. Petersburg, Florida",20/03/17,720005,
RTN,Raytheon Co.,reports,Industrials,Aerospace & Defense,"Waltham, Massachusetts",,1047122,1922
O,Realty Income Corporation,reports,Real Estate,Retail REITs,"San Diego, California",07/04/15,726728,
RHT,Red Hat Inc.,reports,Information Technology,Systems Software,"Raleigh, North Carolina",27/07/09,1087423,
REG,Regency Centers Corporation,reports,Real Estate,Retail REITs,"Jacksonville, Florida",02/03/17,910606,
REGN,Regeneron,reports,Health Care,Biotechnology,"Tarrytown, New York",01/05/13,872589,
RF,Regions Financial Corp.,reports,Financials,Regional Banks,"Birmingham, Alabama",28/08/98,1281761,
RSG,Republic Services Inc,reports,Industrials,Environmental & Facilities Services,"Phoenix, Arizona",05/12/08,1060391,
RMD,ResMed,reports,Health Care,Health Care Equipment,"San Diego, California",26/07/17,943819,
RHI,Robert Half International,reports,Industrials,Human Resource & Employment Services,"Menlo Park, California",05/12/00,315213,
ROK,Rockwell Automation Inc.,reports,Industrials,Electrical Components & Equipment,"Milwaukee, Wisconsin",,1024478,
ROL,Rollins Inc.,reports,Industrials,Environmental & Facilities Services,"Atlanta, Georgia",01/10/18,84839,1948
ROP,Roper Technologies,reports,Industrials,Industrial Conglomerates,"Sarasota, Florida",23/12/09,882835,
ROST,Ross Stores,reports,Consumer Discretionary,Apparel Retail,"Pleasanton, California",21/12/09,745732,
RCL,Royal Caribbean Cruises Ltd,reports,Consumer Discretionary,"Hotels, Resorts & Cruise Lines","Miami, Florida",05/12/14,884887,
CRM,Salesforce.com,reports,Information Technology,Internet Software & Services,"San Francisco, California",15/09/08,1108524,
SBAC,SBA Communications,reports,Real Estate,Specialized REITs,"Boca Raton, Florida",01/09/17,1034054,
SCG,SCANA Corp,reports,Utilities,Multi-Utilities,"Cayce, South Carolina",02/01/09,754737,
SLB,Schlumberger Ltd.,reports,Energy,Oil & Gas Equipment & Services,"Curaçao, Kingdom of the Netherlands",31/03/65,87347,1926
STX,Seagate Technology,reports,Information Technology,"Technology Hardware, Storage & Peripherals","Dublin, Ireland",02/07/12,1137789,
SEE,Sealed Air,reports,Materials,Paper Packaging,"Elmwood Park, New Jersey",,1012100,
SRE,Sempra Energy,reports,Utilities,Multi-Utilities,"San Diego, California",,1032208,
SHW,Sherwin-Williams,reports,Materials,Specialty Chemicals,"Cleveland, Ohio",30/06/64,89800,1866
SPG,Simon Property Group Inc,reports,Real Estate,Retail REITs,"Indianapolis, Indiana",26/06/02,1063761,
SWKS,Skyworks Solutions,reports,Information Technology,Semiconductors,"Woburn, Massachusetts",12/03/15,4127,
SLG,SL Green Realty,reports,Real Estate,Office REITs,"New York, New York",20/03/15,1040971,
SNA,Snap-on,reports,Industrials,Industrial Machinery,"Kenosha, Wisconsin",30/09/82,91440,
SO,Southern Co.,reports,Utilities,Electric Utilities,"Atlanta, Georgia",,92122,
LUV,Southwest Airlines,reports,Industrials,Airlines,"Dallas, Texas",01/07/94,92380,
SPGI,"S&P Global, Inc.",reports,Financials,Financial Exchanges & Data,"New York, New York",,64040,
SWK,Stanley Black & Decker,reports,Industrials,Industrial Machinery,"New Britain, Connecticut",30/09/82,93556,
SBUX,Starbucks Corp.,reports,Consumer Discretionary,Restaurants,"Seattle, Washington",,829224,1971
STT,State Street Corp.,reports,Financials,Asset Management & Custody Banks,"Boston, Massachusetts",,93751,
SYK,Stryker Corp.,reports,Health Care,Health Care Equipment,"Kalamazoo, Michigan",12/12/00,310764,
STI,SunTrust Banks,reports,Financials,Regional Banks,"Atlanta, Georgia",31/05/88,750556,
SIVB,SVB Financial,reports,Financials,Regional Banks,"Santa Clara, California",19/03/18,719739,
SYMC,Symantec Corp.,reports,Information Technology,Application Software,"Mountain View, California",25/03/03,849399,
SYF,Synchrony Financial,reports,Financials,Consumer Finance,"Stamford, Connecticut",18/11/15,1601712,
SNPS,Synopsys Inc.,reports,Information Technology,Application Software,"Mountain View, California",16/03/17,883241,
SYY,Sysco Corp.,reports,Consumer Staples,Food Distributors,"Houston, Texas",31/12/86,96021,
TROW,T. Rowe Price Group,reports,Financials,Asset Management & Custody Banks,"Baltimore, Maryland",,1113169,1937
TTWO,Take-Two Interactive,reports,Communication Services,Interactive Home Entertainment,"New York, New York",19/03/18,946581,
TPR,"Tapestry, Inc.",reports,Consumer Discretionary,"Apparel, Accessories & Luxury Goods","New York, New York",,1116132,2017
TGT,Target Corp.,reports,Consumer Discretionary,General Merchandise Stores,"Minneapolis, Minnesota",31/12/76,27419,
TEL,TE Connectivity Ltd.,reports,Information Technology,Electronic Manufacturing Services,"Schaffhausen, Switzerland",17/10/11,1385157,
FTI,TechnipFMC,reports,Energy,Oil & Gas Equipment & Services,"London, United Kingdom",05/06/09,1681459,
TXN,Texas Instruments,reports,Information Technology,Semiconductors,"Dallas, Texas",,97476,1930
TXT,Textron Inc.,reports,Industrials,Aerospace & Defense,"Providence, Rhode Island",31/12/78,217346,
TMO,Thermo Fisher Scientific,reports,Health Care,Health Care Equipment,"Waltham, Massachusetts",,97745,2006
TIF,Tiffany & Co.,reports,Consumer Discretionary,"Apparel, Accessories & Luxury Goods","New York, New York",21/06/00,98246,
TWTR,"Twitter, Inc.",reports,Communication Services,Interactive Media & Services,"San Francisco, California",07/06/18,1418091,2006
TJX,TJX Companies Inc.,reports,Consumer Discretionary,Apparel Retail,"Framingham, Massachusetts",30/09/85,109198,
TMK,Torchmark Corp.,reports,Financials,Life & Health Insurance,"McKinney, Texas",30/04/89,320335,
TSS,Total System Services,reports,Information Technology,Internet Software & Services,"Columbus, Georgia",02/01/08,721683,
TSCO,Tractor Supply Company,reports,Consumer Discretionary,Specialty Stores,"Brentwood, Tennessee",24/01/14,916365,
TDG,TransDigm Group,reports,Industrials,Aerospace & Defense,"Cleveland, Ohio",03/06/16,1260221,
TRV,The Travelers Companies Inc.,reports,Financials,Property & Casualty Insurance,"New York, New York",21/08/02,86312,
TRIP,TripAdvisor,reports,Communication Services,Interactive Media & Services,"Newton, Massachusetts",21/12/11,1526520,
FOXA,Twenty-First Century Fox Class A,reports,Communication Services,Movies & Entertainment,"New York, New York",01/07/13,1308161,
FOX,Twenty-First Century Fox Class B,reports,Communication Services,Movies & Entertainment,"New York, New York",18/09/15,1308161,
TSN,Tyson Foods,reports,Consumer Staples,Packaged Foods & Meats,"Springdale, Arkansas",,100493,
UDR,UDR Inc,reports,Real Estate,Residential REITs,"Highlands Ranch, Colorado",07/03/16,74208,
ULTA,Ulta Beauty,reports,Consumer Discretionary,Specialty Stores,"Bolingbrook, Illinois",18/04/16,1403568,
USB,U.S. Bancorp,reports,Financials,Diversified Banks,"Minneapolis, Minnesota",,36104,1968
UAA,Under Armour Class A,reports,Consumer Discretionary,"Apparel, Accessories & Luxury Goods","Baltimore, Maryland",25/03/16,1336917,
UA,Under Armour Class C,reports,Consumer Discretionary,"Apparel, Accessories & Luxury Goods","Baltimore, Maryland",01/05/14,1336917,
UNP,Union Pacific,reports,Industrials,Railroads,"Omaha, Nebraska",,100885,
UAL,United Continental Holdings,reports,Industrials,Airlines,"Chicago, Illinois",03/09/15,100517,
UNH,United Health Group Inc.,reports,Health Care,Managed Health Care,"Minnetonka, Minnesota",01/07/94,731766,
UPS,United Parcel Service,reports,Industrials,Air Freight & Logistics,"Atlanta, Georgia",22/07/02,1090727,
URI,"United Rentals, Inc.",reports,Industrials,Trading Companies & Distributors,"Stamford, Connecticut",20/09/14,1067701,
UTX,United Technologies,reports,Industrials,Aerospace & Defense,"Hartford, Connecticut",,101829,
UHS,"Universal Health Services, Inc.",reports,Health Care,Health Care Facilities,"King of Prussia, Pennsylvania",20/09/14,352915,
UNM,Unum Group,reports,Financials,Life & Health Insurance,"Chattanooga, Tennessee",01/03/94,5513,
VFC,V.F. Corp.,reports,Consumer Discretionary,"Apparel, Accessories & Luxury Goods","Greensboro, North Carolina",30/06/79,103379,
VLO,Valero Energy,reports,Energy,Oil & Gas Refining & Marketing,"San Antonio, Texas",,1035002,1980
VAR,Varian Medical Systems,reports,Health Care,Health Care Equipment,"Palo Alto, California",12/02/07,203527,
VTR,Ventas Inc,reports,Real Estate,Health Care REITs,"Chicago, Illinois",04/03/09,740260,
VRSN,Verisign Inc.,reports,Information Technology,Internet Services & Infrastructure,"Dulles, Virginia",01/02/06,1014473,
VRSK,Verisk Analytics,reports,Industrials,Research & Consulting Services,"Jersey City, New Jersey",08/10/15,1442145,
VZ,Verizon Communications,reports,Communication Services,Integrated Telecommunication Services,"New York, New York",30/11/83,732712,
VRTX,Vertex Pharmaceuticals Inc,reports,Health Care,Biotechnology,"Cambridge, Massachusetts",23/09/13,875320,
VIAB,Viacom Inc.,reports,Communication Services,Movies & Entertainment,"New York, New York",,1339947,
V,Visa Inc.,reports,Information Technology,Internet Software & Services,"San Francisco, California",21/12/09,1403161,
VNO,Vornado Realty Trust,reports,Real Estate,Office REITs,"New York, New York",,899689,
VMC,Vulcan Materials,reports,Materials,Construction Materials,"Birmingham, Alabama",30/06/99,1396009,
WMT,Walmart,reports,Consumer Staples,Hypermarkets & Super Centers,"Bentonville, Arkansas",31/08/82,104169,
WBA,Walgreens Boots Alliance,reports,Consumer Staples,Drug Retail,"Deerfield, Illinois",31/12/79,1618921,
DIS,The Walt Disney Company,reports,Communication Services,Movies & Entertainment,"Burbank, California",30/06/76,1001039,
WM,Waste Management Inc.,reports,Industrials,Environmental & Facilities Services,"Houston, Texas",,823768,1968
WAT,Waters Corporation,reports,Health Care,Health Care Distributors,"Milford, Massachusetts",,1000697,1958
WEC,Wec Energy Group Inc,reports,Utilities,Electric Utilities,"Milwaukee, Wisconsin",31/10/08,783325,
WCG,WellCare,reports,Health Care,Managed Health Care,"Tampa, Florida",1985,1279363,
WFC,Wells Fargo,reports,Financials,Diversified Banks,"San Francisco, California",30/06/76,72971,
WELL,Welltower Inc.,reports,Real Estate,Health Care REITs,"Toledo, Ohio",30/01/09,766704,
WDC,Western Digital,reports,Information Technology,"Technology Hardware, Storage & Peripherals","Irvine, California",01/07/09,106040,
WU,Western Union Co,reports,Information Technology,Internet Software & Services,"Englewood, Colorado",,1365135,1851
WRK,WestRock,reports,Materials,Paper Packaging,"Richmond, Virginia",,1636023,
WY,Weyerhaeuser,reports,Real Estate,Specialized REITs,"Federal Way, Washington",,106535,
WHR,Whirlpool Corp.,reports,Consumer Discretionary,Household Appliances,"Benton Harbor, Michigan",,106640,1911
WMB,Williams Cos.,reports,Energy,Oil & Gas Storage & Transportation,"Tulsa, Oklahoma",31/03/75,107263,
WLTW,Willis Towers Watson,reports,Financials,Insurance Brokers,"London, United Kingdom",05/01/16,1140536,
WYNN,Wynn Resorts Ltd,reports,Consumer Discretionary,Casinos & Gaming,"Paradise, Nevada",14/11/08,1174922,
XEL,Xcel Energy Inc,reports,Utilities,Multi-Utilities,"Minneapolis, Minnesota",,72903,1909
XRX,Xerox,reports,Information Technology,"Technology Hardware, Storage & Peripherals","Norwalk, Connecticut",,108772,1906
XLNX,Xilinx,reports,Information Technology,Semiconductors,"San Jose, California",08/11/99,743988,
XYL,Xylem Inc.,reports,Industrials,Industrial Machinery,"White Plains, New York",01/11/11,1524472,
YUM,Yum! Brands Inc,reports,Consumer Discretionary,Restaurants,"Louisville, Kentucky",06/10/97,1041061,
ZBH,Zimmer Biomet Holdings,reports,Health Care,Health Care Equipment,"Warsaw, Indiana",07/08/01,1136869,
ZION,Zions Bancorp,reports,Financials,Regional Banks,"Salt Lake City, Utah",22/06/01,109380,
ZTS,Zoetis,reports,Health Care,Pharmaceuticals,"Florham Park, New Jersey",21/06/13,1555280,
